-- phpMyAdmin SQL Dump
-- version 4.5.5.1
-- http://www.phpmyadmin.net
--
-- Host: 127.0.0.1
-- Generation Time: Mar 31, 2018 at 03:17 PM
-- Server version: 5.7.11
-- PHP Version: 5.6.19

SET SQL_MODE = "NO_AUTO_VALUE_ON_ZERO";
SET time_zone = "+00:00";


/*!40101 SET @OLD_CHARACTER_SET_CLIENT=@@CHARACTER_SET_CLIENT */;
/*!40101 SET @OLD_CHARACTER_SET_RESULTS=@@CHARACTER_SET_RESULTS */;
/*!40101 SET @OLD_COLLATION_CONNECTION=@@COLLATION_CONNECTION */;
/*!40101 SET NAMES utf8mb4 */;

--
-- Database: `myfavouriteappliances`
--

-- --------------------------------------------------------

--
-- Table structure for table `migrations`
--

CREATE TABLE `migrations` (
  `migration` varchar(255) COLLATE utf8_unicode_ci NOT NULL,
  `batch` int(11) NOT NULL
) ENGINE=MyISAM DEFAULT CHARSET=utf8 COLLATE=utf8_unicode_ci;

--
-- Dumping data for table `migrations`
--

INSERT INTO `migrations` (`migration`, `batch`) VALUES
('2018_03_31_005232_create_users_table', 1),
('2018_03_31_091946_create_products_table', 2),
('2018_03_31_121731_create_wishlists_table', 3);

-- --------------------------------------------------------

--
-- Table structure for table `products`
--

CREATE TABLE `products` (
  `pid` int(10) UNSIGNED NOT NULL,
  `ptype` varchar(255) COLLATE utf8_unicode_ci NOT NULL,
  `img` text COLLATE utf8_unicode_ci NOT NULL,
  `brand` text COLLATE utf8_unicode_ci NOT NULL,
  `link` text COLLATE utf8_unicode_ci NOT NULL,
  `title` text COLLATE utf8_unicode_ci NOT NULL,
  `description` text COLLATE utf8_unicode_ci NOT NULL,
  `price-previous` varchar(255) COLLATE utf8_unicode_ci NOT NULL,
  `section-title` varchar(255) COLLATE utf8_unicode_ci NOT NULL,
  `created_at` timestamp NULL DEFAULT NULL,
  `updated_at` timestamp NULL DEFAULT NULL
) ENGINE=MyISAM DEFAULT CHARSET=utf8 COLLATE=utf8_unicode_ci;

--
-- Dumping data for table `products`
--

INSERT INTO `products` (`pid`, `ptype`, `img`, `brand`, `link`, `title`, `description`, `price-previous`, `section-title`, `created_at`, `updated_at`) VALUES
(82, 'dishwasher', 'https://img.resized.co/appliancesdelivered/eyJkYXRhIjoie1widXJsXCI6XCJodHRwczpcXFwvXFxcL3MzLWV1LXdlc3QtMS5hbWF6b25hd3MuY29tXFxcL3N0b3JhZ2UuYnV5YW5kc2VsbC5pZVxcXC91cGxvYWRzXFxcLzE5ODBcXFwvNTk1YmJkOTg4NzRkZi02Y2QzYjM0YzFkNGM0ZTYxYTc2YjhkNDk5YzA0ZTY3YlwiLFwid2lkdGhcIjoyNTAsXCJoZWlnaHRcIjpcIlwiLFwiZGVmYXVsdFwiOlwiaHR0cHM6XFxcL1xcXC9zMy1ldS13ZXN0LTEuYW1hem9uYXdzLmNvbVxcXC9zdG9yYWdlLmJ1eWFuZHNlbGwuaWVcXFwvYXBwbGlhbmNlcy1kZWxpdmVyZWQtbm9pbWFnZS5wbmdcIn0iLCJoYXNoIjoiYjE5ZTIyZDJhZTZlZGI5MzJiYTQ5NTUyNDI2ZGU3MmQ0MGQ2MTRhOCJ9/whirlpool-13-place-setting-white-freestanding-11l-dishwasher-wfe2b19', 'https://img.resized.co/appliancesdelivered/eyJkYXRhIjoie1widXJsXCI6XCJodHRwczpcXFwvXFxcL3MzLWV1LXdlc3QtMS5hbWF6b25hd3MuY29tXFxcL3N0b3JhZ2UuYnV5YW5kc2VsbC5pZVxcXC9jb250ZW50XFxcL2JyYW5kc1xcXC9pbWFnZXNcXFwvMDU3NmRiMjYyMGNiYTgzZTA4YWQ2NmUyMWMwMzMyYzB3aGlybHBvb2w4NzExYTZkNGExNDJkY2VhYTU3ZTE0OTBiOTE2YjVkNy5qcGdcIixcIndpZHRoXCI6MTAwLFwiaGVpZ2h0XCI6XCJcIixcImRlZmF1bHRcIjpcImh0dHBzOlxcXC9cXFwvczMtZXUtd2VzdC0xLmFtYXpvbmF3cy5jb21cXFwvc3RvcmFnZS5idXlhbmRzZWxsLmllXFxcL2FwcGxpYW5jZXMtZGVsaXZlcmVkLW5vaW1hZ2UucG5nXCJ9IiwiaGFzaCI6IjE5NDgwMGNkNjM1ZjQxNDM1MmFjNzM3MDJlZDIxOGM0OTcyMTEzOTYifQ==/0576db2620cba83e08ad66e21c0332c0whirlpool8711a6d4a142dceaa57e1490b916b5d7.jpg', 'https://www.appliancesdelivered.ie/whirlpool-13-place-setting-white-freestanding-11l-dishwasher-wfe2b19/1980', 'Whirlpool 13 Place Setting White Freestanding 11L Dishwasher WFE2B19', 'Place Settings: 13,Quick Wash: No,Energy Rating: A+,Width: 600mm', '&euro;329.95', '&euro;314.95', NULL, NULL),
(81, 'dishwasher', 'https://img.resized.co/appliancesdelivered/eyJkYXRhIjoie1widXJsXCI6XCJodHRwczpcXFwvXFxcL3MzLWV1LXdlc3QtMS5hbWF6b25hd3MuY29tXFxcL3N0b3JhZ2UuYnV5YW5kc2VsbC5pZVxcXC91cGxvYWRzXFxcLzE0MzBcXFwvOGRmN2I3M2E3ODIwZjRhZWY0Nzg2NGYyYTZjNWZjY2ZcIixcIndpZHRoXCI6MjUwLFwiaGVpZ2h0XCI6XCJcIixcImRlZmF1bHRcIjpcImh0dHBzOlxcXC9cXFwvczMtZXUtd2VzdC0xLmFtYXpvbmF3cy5jb21cXFwvc3RvcmFnZS5idXlhbmRzZWxsLmllXFxcL2FwcGxpYW5jZXMtZGVsaXZlcmVkLW5vaW1hZ2UucG5nXCJ9IiwiaGFzaCI6ImQwMzYzYmY0NzJlOTIwYTNhZDYzYWQzZWI5NmNhZWNlMGU2ZDZjMzgifQ==/montpellier-12-place-settings-white-integrated-dishwasher-mdi600', 'https://img.resized.co/appliancesdelivered/eyJkYXRhIjoie1widXJsXCI6XCJodHRwczpcXFwvXFxcL3MzLWV1LXdlc3QtMS5hbWF6b25hd3MuY29tXFxcL3N0b3JhZ2UuYnV5YW5kc2VsbC5pZVxcXC9jb250ZW50XFxcL2JyYW5kc1xcXC9pbWFnZXNcXFwvMWM4YjRmOTkzYWMzOTcxZDI3MTc0NzEyNDVjNDJiNzltb250cGVsbGllcjY3NDVlMzYyMmUwN2NjNDBjNjA5ZGE2NDkxMTVjMWVmLmpwZ1wiLFwid2lkdGhcIjoxMDAsXCJoZWlnaHRcIjpcIlwiLFwiZGVmYXVsdFwiOlwiaHR0cHM6XFxcL1xcXC9zMy1ldS13ZXN0LTEuYW1hem9uYXdzLmNvbVxcXC9zdG9yYWdlLmJ1eWFuZHNlbGwuaWVcXFwvYXBwbGlhbmNlcy1kZWxpdmVyZWQtbm9pbWFnZS5wbmdcIn0iLCJoYXNoIjoiODAyN2U1MWQwYWEzN2Y2NDdjYzQ5ZWY4MjU3MmM5N2I2M2MwMDUxNiJ9/1c8b4f993ac3971d2717471245c42b79montpellier6745e3622e07cc40c609da649115c1ef.jpg', 'https://www.appliancesdelivered.ie/montpellier-12-place-settings-white-integrated-dishwasher-mdi600/1430', 'Montpellier 12 Place Settings White Integrated Dishwasher MDI600', 'Place Settings: 12,Quick Wash: Yes,Energy Rating: A+,Width: 595mm', '&euro;299.95', '&euro;289.95', NULL, NULL),
(80, 'dishwasher', 'https://img.resized.co/appliancesdelivered/eyJkYXRhIjoie1widXJsXCI6XCJodHRwczpcXFwvXFxcL3MzLWV1LXdlc3QtMS5hbWF6b25hd3MuY29tXFxcL3N0b3JhZ2UuYnV5YW5kc2VsbC5pZVxcXC91cGxvYWRzXFxcLzE1NzlcXFwvNTlkYjk0MjU5ZjdlZC04YjY3MzY4NzY4ZmY2Y2JiZGJiNjQ1ZDA3ODkyMjI2YVwiLFwid2lkdGhcIjoyNTAsXCJoZWlnaHRcIjpcIlwiLFwiZGVmYXVsdFwiOlwiaHR0cHM6XFxcL1xcXC9zMy1ldS13ZXN0LTEuYW1hem9uYXdzLmNvbVxcXC9zdG9yYWdlLmJ1eWFuZHNlbGwuaWVcXFwvYXBwbGlhbmNlcy1kZWxpdmVyZWQtbm9pbWFnZS5wbmdcIn0iLCJoYXNoIjoiYzM1YWRhODcwNjc2OWVjNDViOGQxNWE0Mjg3YjBhNmEyM2UyYjA1ZiJ9/montpellier-12-place-setting-black-freestanding-12l-dishwasher-dw1254k', 'https://img.resized.co/appliancesdelivered/eyJkYXRhIjoie1widXJsXCI6XCJodHRwczpcXFwvXFxcL3MzLWV1LXdlc3QtMS5hbWF6b25hd3MuY29tXFxcL3N0b3JhZ2UuYnV5YW5kc2VsbC5pZVxcXC9jb250ZW50XFxcL2JyYW5kc1xcXC9pbWFnZXNcXFwvMWM4YjRmOTkzYWMzOTcxZDI3MTc0NzEyNDVjNDJiNzltb250cGVsbGllcjY3NDVlMzYyMmUwN2NjNDBjNjA5ZGE2NDkxMTVjMWVmLmpwZ1wiLFwid2lkdGhcIjoxMDAsXCJoZWlnaHRcIjpcIlwiLFwiZGVmYXVsdFwiOlwiaHR0cHM6XFxcL1xcXC9zMy1ldS13ZXN0LTEuYW1hem9uYXdzLmNvbVxcXC9zdG9yYWdlLmJ1eWFuZHNlbGwuaWVcXFwvYXBwbGlhbmNlcy1kZWxpdmVyZWQtbm9pbWFnZS5wbmdcIn0iLCJoYXNoIjoiODAyN2U1MWQwYWEzN2Y2NDdjYzQ5ZWY4MjU3MmM5N2I2M2MwMDUxNiJ9/1c8b4f993ac3971d2717471245c42b79montpellier6745e3622e07cc40c609da649115c1ef.jpg', 'https://www.appliancesdelivered.ie/montpellier-12-place-setting-black-freestanding-12l-dishwasher-dw1254k/1579', 'Montpellier 12 Place Setting Black Freestanding 12L Dishwasher DW1254K', 'Place Settings: 12,Quick Wash: Yes,Energy Rating: A+,Width: 600mm', '&euro;329.95', '&euro;289.95', NULL, NULL),
(79, 'dishwasher', 'https://img.resized.co/appliancesdelivered/eyJkYXRhIjoie1widXJsXCI6XCJodHRwczpcXFwvXFxcL3MzLWV1LXdlc3QtMS5hbWF6b25hd3MuY29tXFxcL3N0b3JhZ2UuYnV5YW5kc2VsbC5pZVxcXC91cGxvYWRzXFxcLzE1MDRcXFwvNTk1YmI4NzA1YTY4Zi0yNzM5ZjEzMGZkZWRmYmIyOTlkOTAwZjcyMzFhZDdjOFwiLFwid2lkdGhcIjoyNTAsXCJoZWlnaHRcIjpcIlwiLFwiZGVmYXVsdFwiOlwiaHR0cHM6XFxcL1xcXC9zMy1ldS13ZXN0LTEuYW1hem9uYXdzLmNvbVxcXC9zdG9yYWdlLmJ1eWFuZHNlbGwuaWVcXFwvYXBwbGlhbmNlcy1kZWxpdmVyZWQtbm9pbWFnZS5wbmdcIn0iLCJoYXNoIjoiZDMwMjEzZGMyODNhMWQ3OTAwNmM1NjFkNGQ4MDFiMGI3YzU4YjQwMSJ9/amica-12-place-setting-white-freestanding-11l-dishwasher-zwm696w', 'https://img.resized.co/appliancesdelivered/eyJkYXRhIjoie1widXJsXCI6XCJodHRwczpcXFwvXFxcL3MzLWV1LXdlc3QtMS5hbWF6b25hd3MuY29tXFxcL3N0b3JhZ2UuYnV5YW5kc2VsbC5pZVxcXC9jb250ZW50XFxcL2JyYW5kc1xcXC9pbWFnZXNcXFwvNDQ4ODU5YTE1ZjZmMmM3MGNmMTc4MTg0ZGRmMjNiYWJhbWljYTkxODU0N2FkNDMyMTY5OTQ4MGIwZDc1ZmJmYzk0NzQzLnBuZ1wiLFwid2lkdGhcIjoxMDAsXCJoZWlnaHRcIjpcIlwiLFwiZGVmYXVsdFwiOlwiaHR0cHM6XFxcL1xcXC9zMy1ldS13ZXN0LTEuYW1hem9uYXdzLmNvbVxcXC9zdG9yYWdlLmJ1eWFuZHNlbGwuaWVcXFwvYXBwbGlhbmNlcy1kZWxpdmVyZWQtbm9pbWFnZS5wbmdcIn0iLCJoYXNoIjoiMDZkYWM0OTM3MDVmODA1ZWVkYzcwNzM2NmZhZTlkZTg0Y2YxYzRlNCJ9/448859a15f6f2c70cf178184ddf23babamica918547ad4321699480b0d75fbfc94743.png', 'https://www.appliancesdelivered.ie/amica-12-place-setting-white-freestanding-11l-dishwasher-zwm696w/1504', 'Amica 12 Place Setting White Freestanding 11L Dishwasher ZWM696W', 'Place Settings: 12,Quick Wash: Yes,Energy Rating: A++,Width: 598mm', '&euro;329.95', '&euro;289.95', NULL, NULL),
(78, 'dishwasher', 'https://img.resized.co/appliancesdelivered/eyJkYXRhIjoie1widXJsXCI6XCJodHRwczpcXFwvXFxcL3MzLWV1LXdlc3QtMS5hbWF6b25hd3MuY29tXFxcL3N0b3JhZ2UuYnV5YW5kc2VsbC5pZVxcXC91cGxvYWRzXFxcLzMwNzBcXFwvNTllZjE3OGI2ODMwMS1jN2Q3ZmJmNjJmMGM0MzA0NDQ2OGViMWZmMjY4NWYyMlwiLFwid2lkdGhcIjoyNTAsXCJoZWlnaHRcIjpcIlwiLFwiZGVmYXVsdFwiOlwiaHR0cHM6XFxcL1xcXC9zMy1ldS13ZXN0LTEuYW1hem9uYXdzLmNvbVxcXC9zdG9yYWdlLmJ1eWFuZHNlbGwuaWVcXFwvYXBwbGlhbmNlcy1kZWxpdmVyZWQtbm9pbWFnZS5wbmdcIn0iLCJoYXNoIjoiYzI2ODQ4ZTQyNjk2NTRlMDBiZGYzMjgzODYxMzM4OWM5NDViM2RmNyJ9/montpellier-10-place-settings-integrated-slimline-dishwasher-mdi450-2', 'https://img.resized.co/appliancesdelivered/eyJkYXRhIjoie1widXJsXCI6XCJodHRwczpcXFwvXFxcL3MzLWV1LXdlc3QtMS5hbWF6b25hd3MuY29tXFxcL3N0b3JhZ2UuYnV5YW5kc2VsbC5pZVxcXC9jb250ZW50XFxcL2JyYW5kc1xcXC9pbWFnZXNcXFwvMWM4YjRmOTkzYWMzOTcxZDI3MTc0NzEyNDVjNDJiNzltb250cGVsbGllcjY3NDVlMzYyMmUwN2NjNDBjNjA5ZGE2NDkxMTVjMWVmLmpwZ1wiLFwid2lkdGhcIjoxMDAsXCJoZWlnaHRcIjpcIlwiLFwiZGVmYXVsdFwiOlwiaHR0cHM6XFxcL1xcXC9zMy1ldS13ZXN0LTEuYW1hem9uYXdzLmNvbVxcXC9zdG9yYWdlLmJ1eWFuZHNlbGwuaWVcXFwvYXBwbGlhbmNlcy1kZWxpdmVyZWQtbm9pbWFnZS5wbmdcIn0iLCJoYXNoIjoiODAyN2U1MWQwYWEzN2Y2NDdjYzQ5ZWY4MjU3MmM5N2I2M2MwMDUxNiJ9/1c8b4f993ac3971d2717471245c42b79montpellier6745e3622e07cc40c609da649115c1ef.jpg', 'https://www.appliancesdelivered.ie/montpellier-10-place-settings-integrated-slimline-dishwasher-mdi450-2/3070', 'Montpellier 10 Place Settings Integrated Slimline Dishwasher MDI450-2', 'Place Settings: 10,Quick Wash: Yes,Energy Rating: A++,Width: 450mm', '&euro;299.95', '&euro;279.95', NULL, NULL),
(77, 'dishwasher', 'https://img.resized.co/appliancesdelivered/eyJkYXRhIjoie1widXJsXCI6XCJodHRwczpcXFwvXFxcL3MzLWV1LXdlc3QtMS5hbWF6b25hd3MuY29tXFxcL3N0b3JhZ2UuYnV5YW5kc2VsbC5pZVxcXC91cGxvYWRzXFxcLzE0MThcXFwvNTk0MjQ4ZmRkZGRmNy1mMTQ5YmEzMTE3MTZhZTYxYTY3MTM1MjczMmUxNDUwZFwiLFwid2lkdGhcIjoyNTAsXCJoZWlnaHRcIjpcIlwiLFwiZGVmYXVsdFwiOlwiaHR0cHM6XFxcL1xcXC9zMy1ldS13ZXN0LTEuYW1hem9uYXdzLmNvbVxcXC9zdG9yYWdlLmJ1eWFuZHNlbGwuaWVcXFwvYXBwbGlhbmNlcy1kZWxpdmVyZWQtbm9pbWFnZS5wbmdcIn0iLCJoYXNoIjoiZTg3ZDdjZDdmOTU3ODU0ZTA1ZGE4YzY3ZTFjZmRmNGQxMGM2NTYzNyJ9/montpellier-12-place-setting-silver-freestanding-12l-dishwasher-dw1254s', 'https://img.resized.co/appliancesdelivered/eyJkYXRhIjoie1widXJsXCI6XCJodHRwczpcXFwvXFxcL3MzLWV1LXdlc3QtMS5hbWF6b25hd3MuY29tXFxcL3N0b3JhZ2UuYnV5YW5kc2VsbC5pZVxcXC9jb250ZW50XFxcL2JyYW5kc1xcXC9pbWFnZXNcXFwvMWM4YjRmOTkzYWMzOTcxZDI3MTc0NzEyNDVjNDJiNzltb250cGVsbGllcjY3NDVlMzYyMmUwN2NjNDBjNjA5ZGE2NDkxMTVjMWVmLmpwZ1wiLFwid2lkdGhcIjoxMDAsXCJoZWlnaHRcIjpcIlwiLFwiZGVmYXVsdFwiOlwiaHR0cHM6XFxcL1xcXC9zMy1ldS13ZXN0LTEuYW1hem9uYXdzLmNvbVxcXC9zdG9yYWdlLmJ1eWFuZHNlbGwuaWVcXFwvYXBwbGlhbmNlcy1kZWxpdmVyZWQtbm9pbWFnZS5wbmdcIn0iLCJoYXNoIjoiODAyN2U1MWQwYWEzN2Y2NDdjYzQ5ZWY4MjU3MmM5N2I2M2MwMDUxNiJ9/1c8b4f993ac3971d2717471245c42b79montpellier6745e3622e07cc40c609da649115c1ef.jpg', 'https://www.appliancesdelivered.ie/montpellier-12-place-setting-silver-freestanding-12l-dishwasher-dw1254s/1418', 'Montpellier 12 Place Setting Silver Freestanding 12L Dishwasher DW1254S', 'Place Settings: 12,Quick Wash: Yes,Energy Rating: A+,Width: 600mm', '&euro;289.95', '&euro;269.95', NULL, NULL),
(76, 'dishwasher', 'https://img.resized.co/appliancesdelivered/eyJkYXRhIjoie1widXJsXCI6XCJodHRwczpcXFwvXFxcL3MzLWV1LXdlc3QtMS5hbWF6b25hd3MuY29tXFxcL3N0b3JhZ2UuYnV5YW5kc2VsbC5pZVxcXC91cGxvYWRzXFxcLzIyMTVcXFwvNTk4YzYwYTlkNDdkOS0xZTdjMjBmYmUwZTQ0ZTI5OWEyYzA4YjczZGIwM2UyOFwiLFwid2lkdGhcIjoyNTAsXCJoZWlnaHRcIjpcIlwiLFwiZGVmYXVsdFwiOlwiaHR0cHM6XFxcL1xcXC9zMy1ldS13ZXN0LTEuYW1hem9uYXdzLmNvbVxcXC9zdG9yYWdlLmJ1eWFuZHNlbGwuaWVcXFwvYXBwbGlhbmNlcy1kZWxpdmVyZWQtbm9pbWFnZS5wbmdcIn0iLCJoYXNoIjoiNjE5MWI0ZTYwN2VmMjA3ZmExNjg4YzQ4NDBiNGUxZjA2MzZkYmQ0YiJ9/hotpoint-aquarius-10-place-setting-white-freestanding-slimline-10l-dishwasher-sial11010p', 'https://img.resized.co/appliancesdelivered/eyJkYXRhIjoie1widXJsXCI6XCJodHRwczpcXFwvXFxcL3MzLWV1LXdlc3QtMS5hbWF6b25hd3MuY29tXFxcL3N0b3JhZ2UuYnV5YW5kc2VsbC5pZVxcXC9jb250ZW50XFxcL2JyYW5kc1xcXC9pbWFnZXNcXFwvZmJjZTM5YTQ2MTM3NjliYzM1MGFhN2FmMDc5ZWVmYjJob3Rwb2ludGY5MWY1YzJmMGNlMGIyZmRkMGFiMzA4MzIyMDdiZWM5LmpwZ1wiLFwid2lkdGhcIjoxMDAsXCJoZWlnaHRcIjpcIlwiLFwiZGVmYXVsdFwiOlwiaHR0cHM6XFxcL1xcXC9zMy1ldS13ZXN0LTEuYW1hem9uYXdzLmNvbVxcXC9zdG9yYWdlLmJ1eWFuZHNlbGwuaWVcXFwvYXBwbGlhbmNlcy1kZWxpdmVyZWQtbm9pbWFnZS5wbmdcIn0iLCJoYXNoIjoiOWUxYjk0Y2JhNDkyNDEyNTJiOGFlYmVmOTM4ZDY1M2FjZDViZTJlZiJ9/fbce39a4613769bc350aa7af079eefb2hotpointf91f5c2f0ce0b2fdd0ab30832207bec9.jpg', 'https://www.appliancesdelivered.ie/hotpoint-aquarius-10-place-setting-white-freestanding-slimline-10l-dishwasher-sial11010p/2215', 'Hotpoint Aquarius 10 Place Setting White Freestanding Slimline 10L Dishwasher SIAL11010P', 'Place Settings: 10,Quick Wash: Yes,Energy Rating: A+,Width: 450mm', '&euro;299.95', '&euro;269.95', NULL, NULL),
(75, 'dishwasher', 'https://img.resized.co/appliancesdelivered/eyJkYXRhIjoie1widXJsXCI6XCJodHRwczpcXFwvXFxcL3MzLWV1LXdlc3QtMS5hbWF6b25hd3MuY29tXFxcL3N0b3JhZ2UuYnV5YW5kc2VsbC5pZVxcXC91cGxvYWRzXFxcLzMwODhcXFwvNTljZTJhNDIzNDA1My03MGMxMzM1MzczMTM0NGFkZDE5NjU3NGE4Y2RmYzhjZVwiLFwid2lkdGhcIjoyNTAsXCJoZWlnaHRcIjpcIlwiLFwiZGVmYXVsdFwiOlwiaHR0cHM6XFxcL1xcXC9zMy1ldS13ZXN0LTEuYW1hem9uYXdzLmNvbVxcXC9zdG9yYWdlLmJ1eWFuZHNlbGwuaWVcXFwvYXBwbGlhbmNlcy1kZWxpdmVyZWQtbm9pbWFnZS5wbmdcIn0iLCJoYXNoIjoiZjg4MzZjNDY1MzdjNzBlNDU0NmU2NThjYmM4MmEwYWZkODZjOTQ2OSJ9/beko-12-place-settings-black-freestanding-12l-dishwasher-dfn04210b', 'https://img.resized.co/appliancesdelivered/eyJkYXRhIjoie1widXJsXCI6XCJodHRwczpcXFwvXFxcL3MzLWV1LXdlc3QtMS5hbWF6b25hd3MuY29tXFxcL3N0b3JhZ2UuYnV5YW5kc2VsbC5pZVxcXC9jb250ZW50XFxcL2JyYW5kc1xcXC9pbWFnZXNcXFwvOGM3ZmY2MDVlMTJkN2Q5MzNlYTg0N2FhYmUyZmUxMDZiZWtvODUxNmY3OWE1YTFkOTgwNzhkNTk5YTRkYjZjZDU4YmYuanBnXCIsXCJ3aWR0aFwiOjEwMCxcImhlaWdodFwiOlwiXCIsXCJkZWZhdWx0XCI6XCJodHRwczpcXFwvXFxcL3MzLWV1LXdlc3QtMS5hbWF6b25hd3MuY29tXFxcL3N0b3JhZ2UuYnV5YW5kc2VsbC5pZVxcXC9hcHBsaWFuY2VzLWRlbGl2ZXJlZC1ub2ltYWdlLnBuZ1wifSIsImhhc2giOiJkNTE0Y2RhNWUwYzI4NmM5NmEyNDY4MWY3NzJlYjg0MzhiMWU5NzMxIn0=/8c7ff605e12d7d933ea847aabe2fe106beko8516f79a5a1d98078d599a4db6cd58bf.jpg', 'https://www.appliancesdelivered.ie/beko-12-place-settings-black-freestanding-12l-dishwasher-dfn04210b/3088', 'Beko 12 Place Settings Black Freestanding 12L Dishwasher DFN04210B', 'Place Settings: 12,Quick Wash: Yes,Energy Rating: A+,Width: 598mm', '&euro;299.95', '&euro;259.95', NULL, NULL),
(74, 'dishwasher', 'https://img.resized.co/appliancesdelivered/eyJkYXRhIjoie1widXJsXCI6XCJodHRwczpcXFwvXFxcL3MzLWV1LXdlc3QtMS5hbWF6b25hd3MuY29tXFxcL3N0b3JhZ2UuYnV5YW5kc2VsbC5pZVxcXC91cGxvYWRzXFxcLzI3NTVcXFwvNTk4YzVlYTkwM2M5Ny04NTIzMzJkNjMwZTdkYWVjMWVlZjVkNmY4YjFhNTEyYlwiLFwid2lkdGhcIjoyNTAsXCJoZWlnaHRcIjpcIlwiLFwiZGVmYXVsdFwiOlwiaHR0cHM6XFxcL1xcXC9zMy1ldS13ZXN0LTEuYW1hem9uYXdzLmNvbVxcXC9zdG9yYWdlLmJ1eWFuZHNlbGwuaWVcXFwvYXBwbGlhbmNlcy1kZWxpdmVyZWQtbm9pbWFnZS5wbmdcIn0iLCJoYXNoIjoiMjYxMTJhMDYwMzU5NzM0ZmRhZGMwMmNmOGI1YWY1OWVhNTlkYWU1OSJ9/beko-12-place-setting-white-freestanding-12l-dishwasher-dfn04210w', 'https://img.resized.co/appliancesdelivered/eyJkYXRhIjoie1widXJsXCI6XCJodHRwczpcXFwvXFxcL3MzLWV1LXdlc3QtMS5hbWF6b25hd3MuY29tXFxcL3N0b3JhZ2UuYnV5YW5kc2VsbC5pZVxcXC9jb250ZW50XFxcL2JyYW5kc1xcXC9pbWFnZXNcXFwvOGM3ZmY2MDVlMTJkN2Q5MzNlYTg0N2FhYmUyZmUxMDZiZWtvODUxNmY3OWE1YTFkOTgwNzhkNTk5YTRkYjZjZDU4YmYuanBnXCIsXCJ3aWR0aFwiOjEwMCxcImhlaWdodFwiOlwiXCIsXCJkZWZhdWx0XCI6XCJodHRwczpcXFwvXFxcL3MzLWV1LXdlc3QtMS5hbWF6b25hd3MuY29tXFxcL3N0b3JhZ2UuYnV5YW5kc2VsbC5pZVxcXC9hcHBsaWFuY2VzLWRlbGl2ZXJlZC1ub2ltYWdlLnBuZ1wifSIsImhhc2giOiJkNTE0Y2RhNWUwYzI4NmM5NmEyNDY4MWY3NzJlYjg0MzhiMWU5NzMxIn0=/8c7ff605e12d7d933ea847aabe2fe106beko8516f79a5a1d98078d599a4db6cd58bf.jpg', 'https://www.appliancesdelivered.ie/beko-12-place-setting-white-freestanding-12l-dishwasher-dfn04210w/2755', 'Beko 12 Place Setting White Freestanding 12L Dishwasher DFN04210W', 'Place Settings: 12,Quick Wash: Yes,Energy Rating: A+,Width: 598mm', '&euro;259.95', '&euro;239.95', NULL, NULL),
(73, 'dishwasher', 'https://img.resized.co/appliancesdelivered/eyJkYXRhIjoie1widXJsXCI6XCJodHRwczpcXFwvXFxcL3MzLWV1LXdlc3QtMS5hbWF6b25hd3MuY29tXFxcL3N0b3JhZ2UuYnV5YW5kc2VsbC5pZVxcXC91cGxvYWRzXFxcLzE0MDZcXFwvNTk4MmZlNDQ4ZTNmZS1hZDhlMGRiMjY2OTMzYmRkYWFlZmI5MjFjMDgzMjU3NFwiLFwid2lkdGhcIjoyNTAsXCJoZWlnaHRcIjpcIlwiLFwiZGVmYXVsdFwiOlwiaHR0cHM6XFxcL1xcXC9zMy1ldS13ZXN0LTEuYW1hem9uYXdzLmNvbVxcXC9zdG9yYWdlLmJ1eWFuZHNlbGwuaWVcXFwvYXBwbGlhbmNlcy1kZWxpdmVyZWQtbm9pbWFnZS5wbmdcIn0iLCJoYXNoIjoiZTlkN2NmMTFkNzE0MWE2YjMzZDA3OWNkMzY2ZjVkOGQ4OWJmNzFjNiJ9/montpellier-12-place-settings-white-freestanding-12l-dishwasher-dw1254p', 'https://img.resized.co/appliancesdelivered/eyJkYXRhIjoie1widXJsXCI6XCJodHRwczpcXFwvXFxcL3MzLWV1LXdlc3QtMS5hbWF6b25hd3MuY29tXFxcL3N0b3JhZ2UuYnV5YW5kc2VsbC5pZVxcXC9jb250ZW50XFxcL2JyYW5kc1xcXC9pbWFnZXNcXFwvMWM4YjRmOTkzYWMzOTcxZDI3MTc0NzEyNDVjNDJiNzltb250cGVsbGllcjY3NDVlMzYyMmUwN2NjNDBjNjA5ZGE2NDkxMTVjMWVmLmpwZ1wiLFwid2lkdGhcIjoxMDAsXCJoZWlnaHRcIjpcIlwiLFwiZGVmYXVsdFwiOlwiaHR0cHM6XFxcL1xcXC9zMy1ldS13ZXN0LTEuYW1hem9uYXdzLmNvbVxcXC9zdG9yYWdlLmJ1eWFuZHNlbGwuaWVcXFwvYXBwbGlhbmNlcy1kZWxpdmVyZWQtbm9pbWFnZS5wbmdcIn0iLCJoYXNoIjoiODAyN2U1MWQwYWEzN2Y2NDdjYzQ5ZWY4MjU3MmM5N2I2M2MwMDUxNiJ9/1c8b4f993ac3971d2717471245c42b79montpellier6745e3622e07cc40c609da649115c1ef.jpg', 'https://www.appliancesdelivered.ie/montpellier-12-place-settings-white-freestanding-12l-dishwasher-dw1254p/1406', 'Montpellier 12 Place Settings White Freestanding 12L Dishwasher DW1254P', 'Place Settings: 12,Quick Wash: Yes,Energy Rating: A+,Width: 600mm', '&euro;249.95', '&euro;199.95', NULL, NULL),
(83, 'dishwasher', 'https://img.resized.co/appliancesdelivered/eyJkYXRhIjoie1widXJsXCI6XCJodHRwczpcXFwvXFxcL3MzLWV1LXdlc3QtMS5hbWF6b25hd3MuY29tXFxcL3N0b3JhZ2UuYnV5YW5kc2VsbC5pZVxcXC91cGxvYWRzXFxcLzMzNzRcXFwvNWEzYTMzMGMyYzY0MS1iOTIxY2FiYjFlODdjNzBmMGViODM1NTliZWVjYWJlNFwiLFwid2lkdGhcIjoyNTAsXCJoZWlnaHRcIjpcIlwiLFwiZGVmYXVsdFwiOlwiaHR0cHM6XFxcL1xcXC9zMy1ldS13ZXN0LTEuYW1hem9uYXdzLmNvbVxcXC9zdG9yYWdlLmJ1eWFuZHNlbGwuaWVcXFwvYXBwbGlhbmNlcy1kZWxpdmVyZWQtbm9pbWFnZS5wbmdcIn0iLCJoYXNoIjoiOWVkNzIzMmU4ZWI1YzFkMzA2MGFiMjExZjg2MmIzNDQzNDZjZDNjNCJ9/bosch-12-place-setting-white-freestanding-dishwasher-sms24aw01g', 'https://img.resized.co/appliancesdelivered/eyJkYXRhIjoie1widXJsXCI6XCJodHRwczpcXFwvXFxcL3MzLWV1LXdlc3QtMS5hbWF6b25hd3MuY29tXFxcL3N0b3JhZ2UuYnV5YW5kc2VsbC5pZVxcXC9jb250ZW50XFxcL2JyYW5kc1xcXC9pbWFnZXNcXFwvZTkwMDc5ZGJlZDI2ZmVmNmM1Zjc0NzBlOWJmZWZiMTFib3NjaDMwZGNjOGY5NDMxNjJkYjY5OGZkNDQzMGRhMjJmOWNiLmpwZ1wiLFwid2lkdGhcIjoxMDAsXCJoZWlnaHRcIjpcIlwiLFwiZGVmYXVsdFwiOlwiaHR0cHM6XFxcL1xcXC9zMy1ldS13ZXN0LTEuYW1hem9uYXdzLmNvbVxcXC9zdG9yYWdlLmJ1eWFuZHNlbGwuaWVcXFwvYXBwbGlhbmNlcy1kZWxpdmVyZWQtbm9pbWFnZS5wbmdcIn0iLCJoYXNoIjoiNGY1Mjg4MmI5YjZkYmI3ZmI1ZWZlZTMzYTgwMDAyMGY0ODNmOWQzOCJ9/e90079dbed26fef6c5f7470e9bfefb11bosch30dcc8f943162db698fd4430da22f9cb.jpg', 'https://www.appliancesdelivered.ie/bosch-12-place-setting-white-freestanding-dishwasher-sms24aw01g/3374', 'Bosch 12 Place Setting White Freestanding Dishwasher SMS24AW01G', 'Brand: Bosch,Energy Rating: A+,Place Settings: 12,Capacity: 11.7L', '&euro;349.95', '&euro;319.95', NULL, NULL),
(84, 'dishwasher', 'https://img.resized.co/appliancesdelivered/eyJkYXRhIjoie1widXJsXCI6XCJodHRwczpcXFwvXFxcL3MzLWV1LXdlc3QtMS5hbWF6b25hd3MuY29tXFxcL3N0b3JhZ2UuYnV5YW5kc2VsbC5pZVxcXC91cGxvYWRzXFxcLzMxMDFcXFwvNTlmMzQ4YzkzOWViMC0zNTA0NzBjMjcxMjllYjM1ODVmZTNlZjhkYTk0Mjk3Y1wiLFwid2lkdGhcIjoyNTAsXCJoZWlnaHRcIjpcIlwiLFwiZGVmYXVsdFwiOlwiaHR0cHM6XFxcL1xcXC9zMy1ldS13ZXN0LTEuYW1hem9uYXdzLmNvbVxcXC9zdG9yYWdlLmJ1eWFuZHNlbGwuaWVcXFwvYXBwbGlhbmNlcy1kZWxpdmVyZWQtbm9pbWFnZS5wbmdcIn0iLCJoYXNoIjoiYjIwZDQ0NDE4NjViMGVkYzNkNWFmZjU2YTFhNTIzNTk2NWU5NjA2YiJ9/hotpoint-13-place-settings-white-freestanding-dishwasher-hfc2b19uk', 'https://img.resized.co/appliancesdelivered/eyJkYXRhIjoie1widXJsXCI6XCJodHRwczpcXFwvXFxcL3MzLWV1LXdlc3QtMS5hbWF6b25hd3MuY29tXFxcL3N0b3JhZ2UuYnV5YW5kc2VsbC5pZVxcXC9jb250ZW50XFxcL2JyYW5kc1xcXC9pbWFnZXNcXFwvZmJjZTM5YTQ2MTM3NjliYzM1MGFhN2FmMDc5ZWVmYjJob3Rwb2ludGY5MWY1YzJmMGNlMGIyZmRkMGFiMzA4MzIyMDdiZWM5LmpwZ1wiLFwid2lkdGhcIjoxMDAsXCJoZWlnaHRcIjpcIlwiLFwiZGVmYXVsdFwiOlwiaHR0cHM6XFxcL1xcXC9zMy1ldS13ZXN0LTEuYW1hem9uYXdzLmNvbVxcXC9zdG9yYWdlLmJ1eWFuZHNlbGwuaWVcXFwvYXBwbGlhbmNlcy1kZWxpdmVyZWQtbm9pbWFnZS5wbmdcIn0iLCJoYXNoIjoiOWUxYjk0Y2JhNDkyNDEyNTJiOGFlYmVmOTM4ZDY1M2FjZDViZTJlZiJ9/fbce39a4613769bc350aa7af079eefb2hotpointf91f5c2f0ce0b2fdd0ab30832207bec9.jpg', 'https://www.appliancesdelivered.ie/hotpoint-13-place-settings-white-freestanding-dishwasher-hfc2b19uk/3101', 'Hotpoint 13 Place Settings White Freestanding Dishwasher HFC2B19UK', 'Brand: Hotpoint,Fit Type: Freestanding,Colour: White,Energy Rating: A+', '&euro;349.95', '&euro;329.95', NULL, NULL),
(85, 'dishwasher', 'https://img.resized.co/appliancesdelivered/eyJkYXRhIjoie1widXJsXCI6XCJodHRwczpcXFwvXFxcL3MzLWV1LXdlc3QtMS5hbWF6b25hd3MuY29tXFxcL3N0b3JhZ2UuYnV5YW5kc2VsbC5pZVxcXC91cGxvYWRzXFxcLzE5OTRcXFwvNTdkODAyYTkwZTcyYS0zMmYxMGY1OWEyYmVjMmY4YTc0NDJhNDljNjBlOTAxM1wiLFwid2lkdGhcIjoyNTAsXCJoZWlnaHRcIjpcIlwiLFwiZGVmYXVsdFwiOlwiaHR0cHM6XFxcL1xcXC9zMy1ldS13ZXN0LTEuYW1hem9uYXdzLmNvbVxcXC9zdG9yYWdlLmJ1eWFuZHNlbGwuaWVcXFwvYXBwbGlhbmNlcy1kZWxpdmVyZWQtbm9pbWFnZS5wbmdcIn0iLCJoYXNoIjoiOGQ4NzJhYmRjOWJhZWIzOTU1MjIzNWM2YzhlYTI1YWQyMjRlYTgzOSJ9/culina-9-place-settings-integrated-slimline-dishwasher-ubmidw45', 'https://img.resized.co/appliancesdelivered/eyJkYXRhIjoie1widXJsXCI6XCJodHRwczpcXFwvXFxcL3MzLWV1LXdlc3QtMS5hbWF6b25hd3MuY29tXFxcL3N0b3JhZ2UuYnV5YW5kc2VsbC5pZVxcXC9jb250ZW50XFxcL2JyYW5kc1xcXC9pbWFnZXNcXFwvZWMwZDRjZjYyYmVlODZkZDI1MmJjMzM3Y2VjOTIwODJjdWxpbmFiNTI4MWMxMjcwM2FmMWQ1MTYzNTJmYWFlNmUyZWRjMi5wbmdcIixcIndpZHRoXCI6MTAwLFwiaGVpZ2h0XCI6XCJcIixcImRlZmF1bHRcIjpcImh0dHBzOlxcXC9cXFwvczMtZXUtd2VzdC0xLmFtYXpvbmF3cy5jb21cXFwvc3RvcmFnZS5idXlhbmRzZWxsLmllXFxcL2FwcGxpYW5jZXMtZGVsaXZlcmVkLW5vaW1hZ2UucG5nXCJ9IiwiaGFzaCI6IjdhNWQxMzI4ZDRjMThiODI0ODkzMWRkMjYzMDFhMDBhOTdiODQ2OGMifQ==/ec0d4cf62bee86dd252bc337cec92082culinab5281c12703af1d516352faae6e2edc2.png', 'https://www.appliancesdelivered.ie/culina-9-place-settings-integrated-slimline-dishwasher-ubmidw45/1994', 'Culina 9 Place Settings Integrated Slimline Dishwasher UBMIDW45', 'Place Settings: 9,Quick Wash: No,Energy Rating: A+,Width: 448mm', '&euro;349.95', '&euro;329.95', NULL, NULL),
(86, 'dishwasher', 'https://img.resized.co/appliancesdelivered/eyJkYXRhIjoie1widXJsXCI6XCJodHRwczpcXFwvXFxcL3MzLWV1LXdlc3QtMS5hbWF6b25hd3MuY29tXFxcL3N0b3JhZ2UuYnV5YW5kc2VsbC5pZVxcXC91cGxvYWRzXFxcLzMwNzRcXFwvNTljMGQ0MTFlMDU4Zi03ZTE3NjQ5NWQwZDhkYjU2Yjc4OWRjNjRhZDljM2E2YlwiLFwid2lkdGhcIjoyNTAsXCJoZWlnaHRcIjpcIlwiLFwiZGVmYXVsdFwiOlwiaHR0cHM6XFxcL1xcXC9zMy1ldS13ZXN0LTEuYW1hem9uYXdzLmNvbVxcXC9zdG9yYWdlLmJ1eWFuZHNlbGwuaWVcXFwvYXBwbGlhbmNlcy1kZWxpdmVyZWQtbm9pbWFnZS5wbmdcIn0iLCJoYXNoIjoiZjE0NmI3ZWZkOTQ4NjEwZWUyM2ZiZmQyNTlkZjUyNmE5MGE4OGJkMSJ9/whirlpool-10-place-settings-white-freestanding-slimline-10l-dishwasher-adp301wh', 'https://img.resized.co/appliancesdelivered/eyJkYXRhIjoie1widXJsXCI6XCJodHRwczpcXFwvXFxcL3MzLWV1LXdlc3QtMS5hbWF6b25hd3MuY29tXFxcL3N0b3JhZ2UuYnV5YW5kc2VsbC5pZVxcXC9jb250ZW50XFxcL2JyYW5kc1xcXC9pbWFnZXNcXFwvMDU3NmRiMjYyMGNiYTgzZTA4YWQ2NmUyMWMwMzMyYzB3aGlybHBvb2w4NzExYTZkNGExNDJkY2VhYTU3ZTE0OTBiOTE2YjVkNy5qcGdcIixcIndpZHRoXCI6MTAwLFwiaGVpZ2h0XCI6XCJcIixcImRlZmF1bHRcIjpcImh0dHBzOlxcXC9cXFwvczMtZXUtd2VzdC0xLmFtYXpvbmF3cy5jb21cXFwvc3RvcmFnZS5idXlhbmRzZWxsLmllXFxcL2FwcGxpYW5jZXMtZGVsaXZlcmVkLW5vaW1hZ2UucG5nXCJ9IiwiaGFzaCI6IjE5NDgwMGNkNjM1ZjQxNDM1MmFjNzM3MDJlZDIxOGM0OTcyMTEzOTYifQ==/0576db2620cba83e08ad66e21c0332c0whirlpool8711a6d4a142dceaa57e1490b916b5d7.jpg', 'https://www.appliancesdelivered.ie/whirlpool-10-place-settings-white-freestanding-slimline-10l-dishwasher-adp301wh/3074', 'Whirlpool 10 Place Settings White Freestanding Slimline 10L Dishwasher ADP301WH ', 'Place Settings: 10,Quick Wash: No,Energy Rating: A+,Height: 850mm', '&euro;349.95', '&euro;337.95', NULL, NULL),
(87, 'dishwasher', 'https://img.resized.co/appliancesdelivered/eyJkYXRhIjoie1widXJsXCI6XCJodHRwczpcXFwvXFxcL3MzLWV1LXdlc3QtMS5hbWF6b25hd3MuY29tXFxcL3N0b3JhZ2UuYnV5YW5kc2VsbC5pZVxcXC91cGxvYWRzXFxcLzE2MjlcXFwvMDNiODRjYjk2NGVjOWY2YWMzNTUyNjViN2VlNzVjYTZcIixcIndpZHRoXCI6MjUwLFwiaGVpZ2h0XCI6XCJcIixcImRlZmF1bHRcIjpcImh0dHBzOlxcXC9cXFwvczMtZXUtd2VzdC0xLmFtYXpvbmF3cy5jb21cXFwvc3RvcmFnZS5idXlhbmRzZWxsLmllXFxcL2FwcGxpYW5jZXMtZGVsaXZlcmVkLW5vaW1hZ2UucG5nXCJ9IiwiaGFzaCI6IjQyMGFhMzY2NTc2NDI5OTcxOTJmZjUzNjI2NTY0MDRjYzkwZmFkMjYifQ==/montpellier-12-place-settings-white-integrated-12l-dishwasher-mdi700', 'https://img.resized.co/appliancesdelivered/eyJkYXRhIjoie1widXJsXCI6XCJodHRwczpcXFwvXFxcL3MzLWV1LXdlc3QtMS5hbWF6b25hd3MuY29tXFxcL3N0b3JhZ2UuYnV5YW5kc2VsbC5pZVxcXC9jb250ZW50XFxcL2JyYW5kc1xcXC9pbWFnZXNcXFwvMWM4YjRmOTkzYWMzOTcxZDI3MTc0NzEyNDVjNDJiNzltb250cGVsbGllcjY3NDVlMzYyMmUwN2NjNDBjNjA5ZGE2NDkxMTVjMWVmLmpwZ1wiLFwid2lkdGhcIjoxMDAsXCJoZWlnaHRcIjpcIlwiLFwiZGVmYXVsdFwiOlwiaHR0cHM6XFxcL1xcXC9zMy1ldS13ZXN0LTEuYW1hem9uYXdzLmNvbVxcXC9zdG9yYWdlLmJ1eWFuZHNlbGwuaWVcXFwvYXBwbGlhbmNlcy1kZWxpdmVyZWQtbm9pbWFnZS5wbmdcIn0iLCJoYXNoIjoiODAyN2U1MWQwYWEzN2Y2NDdjYzQ5ZWY4MjU3MmM5N2I2M2MwMDUxNiJ9/1c8b4f993ac3971d2717471245c42b79montpellier6745e3622e07cc40c609da649115c1ef.jpg', 'https://www.appliancesdelivered.ie/montpellier-12-place-settings-white-integrated-12l-dishwasher-mdi700/1629', 'Montpellier 12 Place Settings White Integrated 12L Dishwasher MDI700', 'Place Settings: 12,Quick Wash: Yes,Energy Rating: A++,Width: 600mm', '&euro;369.95', '&euro;339.95', NULL, NULL),
(88, 'dishwasher', 'https://img.resized.co/appliancesdelivered/eyJkYXRhIjoie1widXJsXCI6XCJodHRwczpcXFwvXFxcL3MzLWV1LXdlc3QtMS5hbWF6b25hd3MuY29tXFxcL3N0b3JhZ2UuYnV5YW5kc2VsbC5pZVxcXC91cGxvYWRzXFxcLzE2MzBcXFwvMDNiODRjYjk2NGVjOWY2YWMzNTUyNjViN2VlNzVjYTZcIixcIndpZHRoXCI6MjUwLFwiaGVpZ2h0XCI6XCJcIixcImRlZmF1bHRcIjpcImh0dHBzOlxcXC9cXFwvczMtZXUtd2VzdC0xLmFtYXpvbmF3cy5jb21cXFwvc3RvcmFnZS5idXlhbmRzZWxsLmllXFxcL2FwcGxpYW5jZXMtZGVsaXZlcmVkLW5vaW1hZ2UucG5nXCJ9IiwiaGFzaCI6ImZhM2Q1MjU1NzdlZDk0YTcxNWEwNTUzYzNiZThmMWQ3OGM5YTk1ZDQifQ==/montpellier-12-place-setting-white-semi-integrated-9l-dishwasher-mdi650x', 'https://img.resized.co/appliancesdelivered/eyJkYXRhIjoie1widXJsXCI6XCJodHRwczpcXFwvXFxcL3MzLWV1LXdlc3QtMS5hbWF6b25hd3MuY29tXFxcL3N0b3JhZ2UuYnV5YW5kc2VsbC5pZVxcXC9jb250ZW50XFxcL2JyYW5kc1xcXC9pbWFnZXNcXFwvMWM4YjRmOTkzYWMzOTcxZDI3MTc0NzEyNDVjNDJiNzltb250cGVsbGllcjY3NDVlMzYyMmUwN2NjNDBjNjA5ZGE2NDkxMTVjMWVmLmpwZ1wiLFwid2lkdGhcIjoxMDAsXCJoZWlnaHRcIjpcIlwiLFwiZGVmYXVsdFwiOlwiaHR0cHM6XFxcL1xcXC9zMy1ldS13ZXN0LTEuYW1hem9uYXdzLmNvbVxcXC9zdG9yYWdlLmJ1eWFuZHNlbGwuaWVcXFwvYXBwbGlhbmNlcy1kZWxpdmVyZWQtbm9pbWFnZS5wbmdcIn0iLCJoYXNoIjoiODAyN2U1MWQwYWEzN2Y2NDdjYzQ5ZWY4MjU3MmM5N2I2M2MwMDUxNiJ9/1c8b4f993ac3971d2717471245c42b79montpellier6745e3622e07cc40c609da649115c1ef.jpg', 'https://www.appliancesdelivered.ie/montpellier-12-place-setting-white-semi-integrated-9l-dishwasher-mdi650x/1630', 'Montpellier 12 Place Setting White Semi-Integrated 9L Dishwasher MDI650X', 'Place Settings: 12,Quick Wash: Yes,Energy Rating: A++,Width: 600mm', '&euro;359.95', '&euro;352.95', NULL, NULL),
(89, 'dishwasher', 'https://img.resized.co/appliancesdelivered/eyJkYXRhIjoie1widXJsXCI6XCJodHRwczpcXFwvXFxcL3MzLWV1LXdlc3QtMS5hbWF6b25hd3MuY29tXFxcL3N0b3JhZ2UuYnV5YW5kc2VsbC5pZVxcXC91cGxvYWRzXFxcLzE1NjBcXFwvZjIwNDhhODNiZjhjZjI3ZDNiZGY1YjJkN2VlZWZjMDdcIixcIndpZHRoXCI6MjUwLFwiaGVpZ2h0XCI6XCJcIixcImRlZmF1bHRcIjpcImh0dHBzOlxcXC9cXFwvczMtZXUtd2VzdC0xLmFtYXpvbmF3cy5jb21cXFwvc3RvcmFnZS5idXlhbmRzZWxsLmllXFxcL2FwcGxpYW5jZXMtZGVsaXZlcmVkLW5vaW1hZ2UucG5nXCJ9IiwiaGFzaCI6IjdjZjUwNzMzNmZjZDU2YTc5ZTNiNjAxNGY5M2EzNTdhNzc1ZGNhNmIifQ==/indesit-10-place-settings-integrated-slimline-dishwasher-disr14b1', 'https://img.resized.co/appliancesdelivered/eyJkYXRhIjoie1widXJsXCI6XCJodHRwczpcXFwvXFxcL3MzLWV1LXdlc3QtMS5hbWF6b25hd3MuY29tXFxcL3N0b3JhZ2UuYnV5YW5kc2VsbC5pZVxcXC9jb250ZW50XFxcL2JyYW5kc1xcXC9pbWFnZXNcXFwvNzQ3NmQxMTY3ZjQ3NDE1NTQzZDI5MzM0ZTg5MTNhZmVpbmRlc2l0NTNkZDk1Yjc5ODRlZjNmODE1NzkyY2VhM2QwMmUyMTAuanBnXCIsXCJ3aWR0aFwiOjEwMCxcImhlaWdodFwiOlwiXCIsXCJkZWZhdWx0XCI6XCJodHRwczpcXFwvXFxcL3MzLWV1LXdlc3QtMS5hbWF6b25hd3MuY29tXFxcL3N0b3JhZ2UuYnV5YW5kc2VsbC5pZVxcXC9hcHBsaWFuY2VzLWRlbGl2ZXJlZC1ub2ltYWdlLnBuZ1wifSIsImhhc2giOiI1MTlkMDU5OTM2MzY3ZGI5MWY4OThmNGIwNDNhOGNjMDEwYjYzZjEwIn0=/7476d1167f47415543d29334e8913afeindesit53dd95b7984ef3f815792cea3d02e210.jpg', 'https://www.appliancesdelivered.ie/indesit-10-place-settings-integrated-slimline-dishwasher-disr14b1/1560', 'Indesit 10 Place Settings Integrated Slimline Dishwasher DISR14B1', 'Brand: Indesit,Colour: White,Fit Type: Integrated,Place Settings: 10', '&euro;369.95', '&euro;354.95', NULL, NULL),
(90, 'dishwasher', 'https://img.resized.co/appliancesdelivered/eyJkYXRhIjoie1widXJsXCI6XCJodHRwczpcXFwvXFxcL3MzLWV1LXdlc3QtMS5hbWF6b25hd3MuY29tXFxcL3N0b3JhZ2UuYnV5YW5kc2VsbC5pZVxcXC91cGxvYWRzXFxcLzI4NzJcXFwvNTk0YTdhMzU1NmE3NS03NTcyNzZmZDU2YWQ3ZGQyMjI3YzBlNmVjN2NjZjk0YlwiLFwid2lkdGhcIjoyNTAsXCJoZWlnaHRcIjpcIlwiLFwiZGVmYXVsdFwiOlwiaHR0cHM6XFxcL1xcXC9zMy1ldS13ZXN0LTEuYW1hem9uYXdzLmNvbVxcXC9zdG9yYWdlLmJ1eWFuZHNlbGwuaWVcXFwvYXBwbGlhbmNlcy1kZWxpdmVyZWQtbm9pbWFnZS5wbmdcIn0iLCJoYXNoIjoiOTc2MTczOTM1M2Q2MDA4ZjFhOTU2ZGNlOTRlYTlmOTJhYmRmOTllNSJ9/whirlpool-10-place-settings-stainless-steel-freestanding-slimline-10l-dishwasher-adp301ix', 'https://img.resized.co/appliancesdelivered/eyJkYXRhIjoie1widXJsXCI6XCJodHRwczpcXFwvXFxcL3MzLWV1LXdlc3QtMS5hbWF6b25hd3MuY29tXFxcL3N0b3JhZ2UuYnV5YW5kc2VsbC5pZVxcXC9jb250ZW50XFxcL2JyYW5kc1xcXC9pbWFnZXNcXFwvMDU3NmRiMjYyMGNiYTgzZTA4YWQ2NmUyMWMwMzMyYzB3aGlybHBvb2w4NzExYTZkNGExNDJkY2VhYTU3ZTE0OTBiOTE2YjVkNy5qcGdcIixcIndpZHRoXCI6MTAwLFwiaGVpZ2h0XCI6XCJcIixcImRlZmF1bHRcIjpcImh0dHBzOlxcXC9cXFwvczMtZXUtd2VzdC0xLmFtYXpvbmF3cy5jb21cXFwvc3RvcmFnZS5idXlhbmRzZWxsLmllXFxcL2FwcGxpYW5jZXMtZGVsaXZlcmVkLW5vaW1hZ2UucG5nXCJ9IiwiaGFzaCI6IjE5NDgwMGNkNjM1ZjQxNDM1MmFjNzM3MDJlZDIxOGM0OTcyMTEzOTYifQ==/0576db2620cba83e08ad66e21c0332c0whirlpool8711a6d4a142dceaa57e1490b916b5d7.jpg', 'https://www.appliancesdelivered.ie/whirlpool-10-place-settings-stainless-steel-freestanding-slimline-10l-dishwasher-adp301ix/2872', 'Whirlpool 10 Place Settings Stainless Steel Freestanding Slimline 10L Dishwasher ADP301IX', 'Place Settings: 10,Quick Wash: Yes,Energy Rating: A+,Width: 450mm', '&euro;379.95', '&euro;354.95', NULL, NULL);

-- --------------------------------------------------------

--
-- Table structure for table `users`
--

CREATE TABLE `users` (
  `id` int(10) UNSIGNED NOT NULL,
  `name` varchar(255) COLLATE utf8_unicode_ci NOT NULL,
  `email` varchar(255) COLLATE utf8_unicode_ci NOT NULL,
  `password` varchar(255) COLLATE utf8_unicode_ci NOT NULL,
  `admin` varchar(255) COLLATE utf8_unicode_ci NOT NULL,
  `remember_token` varchar(100) COLLATE utf8_unicode_ci DEFAULT NULL,
  `created_at` timestamp NULL DEFAULT NULL,
  `updated_at` timestamp NULL DEFAULT NULL
) ENGINE=MyISAM DEFAULT CHARSET=utf8 COLLATE=utf8_unicode_ci;

--
-- Dumping data for table `users`
--

INSERT INTO `users` (`id`, `name`, `email`, `password`, `admin`, `remember_token`, `created_at`, `updated_at`) VALUES
(1, 'Amit', 'ak.amitkaushik@outlook.com', '$2y$10$eAeKvelXM99TVED4zmfexex/kJBpiETmx6qJ1vSosVdWlsS0eYfZ.', '', 'XPXIBs7V1cNM5kSXBzDNjDPcymIRrXjm9qI2E5oG0q2t4zptiQGJ3O0Fenzs', '2018-03-30 19:31:59', '2018-03-31 03:21:50'),
(2, 'admin', 'admin@gmail.com', '$2y$10$b5J6km.1JY9T58sL6NtYVulQT.qYCYFcbMFt9Ael4.L1WnRuahvPm', 'Yes', 'WjxckEYqRezb2bhve5AIehaS0bWFP0qWu8QHirKNtwNeXf0KRx4QfBUmm5yf', '2018-03-30 21:09:24', '2018-03-31 09:02:58');

-- --------------------------------------------------------

--
-- Table structure for table `wishlists`
--

CREATE TABLE `wishlists` (
  `id` int(10) UNSIGNED NOT NULL,
  `pid` int(11) NOT NULL,
  `userid` int(11) NOT NULL,
  `created_at` timestamp NULL DEFAULT NULL,
  `updated_at` timestamp NULL DEFAULT NULL
) ENGINE=MyISAM DEFAULT CHARSET=utf8 COLLATE=utf8_unicode_ci;

--
-- Dumping data for table `wishlists`
--

INSERT INTO `wishlists` (`id`, `pid`, `userid`, `created_at`, `updated_at`) VALUES
(13, 84, 2, '2018-03-31 08:19:23', '2018-03-31 08:19:23'),
(11, 77, 2, '2018-03-31 08:16:29', '2018-03-31 08:16:29'),
(26, 89, 1, '2018-03-31 09:08:00', '2018-03-31 09:08:00'),
(19, 80, 2, '2018-03-31 08:39:32', '2018-03-31 08:39:32'),
(20, 76, 2, '2018-03-31 08:40:03', '2018-03-31 08:40:03'),
(21, 75, 2, '2018-03-31 08:41:00', '2018-03-31 08:41:00'),
(23, 90, 2, '2018-03-31 08:42:16', '2018-03-31 08:42:16'),
(28, 82, 1, '2018-03-31 09:08:37', '2018-03-31 09:08:37');

--
-- Indexes for dumped tables
--

--
-- Indexes for table `products`
--
ALTER TABLE `products`
  ADD PRIMARY KEY (`pid`);

--
-- Indexes for table `users`
--
ALTER TABLE `users`
  ADD PRIMARY KEY (`id`),
  ADD UNIQUE KEY `users_email_unique` (`email`);

--
-- Indexes for table `wishlists`
--
ALTER TABLE `wishlists`
  ADD PRIMARY KEY (`id`);

--
-- AUTO_INCREMENT for dumped tables
--

--
-- AUTO_INCREMENT for table `products`
--
ALTER TABLE `products`
  MODIFY `pid` int(10) UNSIGNED NOT NULL AUTO_INCREMENT, AUTO_INCREMENT=91;
--
-- AUTO_INCREMENT for table `users`
--
ALTER TABLE `users`
  MODIFY `id` int(10) UNSIGNED NOT NULL AUTO_INCREMENT, AUTO_INCREMENT=3;
--
-- AUTO_INCREMENT for table `wishlists`
--
ALTER TABLE `wishlists`
  MODIFY `id` int(10) UNSIGNED NOT NULL AUTO_INCREMENT, AUTO_INCREMENT=29;
/*!40101 SET CHARACTER_SET_CLIENT=@OLD_CHARACTER_SET_CLIENT */;
/*!40101 SET CHARACTER_SET_RESULTS=@OLD_CHARACTER_SET_RESULTS */;
/*!40101 SET COLLATION_CONNECTION=@OLD_COLLATION_CONNECTION */;
